pixel_feature_index,importance
1048,0.002581153406492835
1220,0.002540437588267455
967,0.0024807845675038865
1052,0.0024516429003388724
1136,0.0024469204132376043
964,0.002441451470045924
1133,0.0023071024621252254
1301,0.0022536270578151552
1132,0.0021283453866341043
1214,0.0020626519269432825
1216,0.0020580374984893782
1219,0.0019685041485351692
1213,0.0019577303872024593
961,0.001925358139943193
1130,0.0019176284371930081
1051,0.0019022535815038965
884,0.0018994834534038986
1217,0.0018662829419649274
1054,0.0018201493415834866
1297,0.0018180248488651244
1300,0.0016932224052068035
880,0.0016753462665517133
1043,0.0016349543275372056
962,0.0016068978277661598
965,0.0016027676921047855
1384,0.0015570369185778166
1391,0.0015367319464477363
1303,0.0015295174553864794
1385,0.0015093293144076041
1226,0.001477961502770348
1135,0.0014722970326401662
879,0.00146469006165325
1049,0.001447867071299325
1223,0.0014378187680043379
1307,0.001431914620354285
1055,0.001428904773750707
883,0.0014173351650843926
1387,0.0013881545771714
1123,0.0013821580805324736
1215,0.0013805290578760164
1388,0.0013632725020576637
874,0.0013533632903207735
1225,0.0013400156033124932
1053,0.0013349800591360545
1298,0.0013041441581063595
1208,0.0012944527635502284
1465,0.001287787910272515
1126,0.0012706085237529372
966,0.001270208725228228
1129,0.0012689728825943662
875,0.0012622779477128795
1306,0.0012583856016022109
794,0.0012429321491163666
889,0.001241343895827996
1045,0.001229772531965033
1127,0.001212681570170709
1218,0.0011620175684159612
1295,0.001157762426456357
971,0.001142949093644396
1460,0.001126778903619682
1382,0.0011182545522394898
1472,0.0011179290276078896
1046,0.0011131784516990259
1057,0.0011033707135746083
968,0.0010946125124580298
1313,0.0010929951098219094
1222,0.0010800686735066955
1468,0.0010782148790525947
1131,0.001071633145771261
1467,0.001071001173066286
1050,0.0010356055108246894
1134,0.0010320098152623433
1304,0.0010302688285045325
790,0.0010282981330681955
1139,0.0010254109684194458
877,0.0010224337843624377
955,0.0009941569382752636
1381,0.0009784742975348843
957,0.0009735437798266809
1138,0.0009658324780557776
1292,0.0009652636771085329
1394,0.0009645230002122685
1555,0.0009562356401381387
1475,0.000949137083939831
974,0.0009478927676895281
963,0.0009358807714631984
1469,0.000933491108827928
1058,0.0009289640623961422
72,0.0009236616279586167
878,0.0009223598200825501
873,0.0009183023810030416
54,0.0009169799040236773
1128,0.0009135620383042662
1299,0.0009107817648416072
66,0.0009107264156975015
1309,0.0009101393446182717
57,0.0009097997904591112
882,0.0009083161889523461
1471,0.0009081240543114654
1316,0.0008955308066606284
792,0.0008949427008353202
1294,0.0008924015882467208
1137,0.0008922174006034472
1393,0.0008821349064630097
1229,0.0008770341370742148
78,0.0008760307285313084
1212,0.0008710854091794368
1207,0.000870863895994079
1211,0.0008699744975470759
1462,0.0008678605194211964
1466,0.0008671968153843098
969,0.0008664576535626635
1151,0.0008601898049324466
1383,0.0008551097309590471
1386,0.0008545232360648412
1047,0.0008541077774138221
958,0.0008471357909147762
1038,0.0008414940056037823
1125,0.0008350305589612636
977,0.0008343744835579523
1121,0.0008295164924769428
959,0.0008288926375802805
1378,0.0008240551480305449
876,0.0008228789427743961
886,0.0008223567927960373
1547,0.0008187212224997609
1210,0.0008136505146408937
1141,0.0008012841806199855
1042,0.0007992365799037534
1376,0.0007965029993790683
973,0.0007951741203929054
1319,0.000787478661437942
785,0.0007748244804232694
799,0.0007691458868220659
791,0.0007650218164536161
1040,0.000762614293140185
6,0.0007495305699568381
1397,0.0007429163048749469
798,0.0007363328543605374
1124,0.000733251077198791
1375,0.0007278357658766797
1379,0.0007251349334406112
1543,0.0007250352565357089
2181,0.0007217178337210712
1142,0.0007214833376723205
1552,0.0007189861176494275
1481,0.000718911351233979
165,0.0007167205945316943
9,0.0007149304477290351
1400,0.0007144307341046845
69,0.0007135314109685539
15,0.0007026374380537168
803,0.0007004212211064679
177,0.0006996273092853076
1039,0.0006985044831153522
2349,0.0006984302962327913
960,0.0006975254526822519
1061,0.0006971492282064105
801,0.0006963679447661281
1559,0.0006949455917657878
893,0.0006911134175261242
890,0.000689635183319558
712,0.0006895528062785922
1310,0.0006892505630890138
715,0.0006862703672761307
0,0.0006842869998080238
1631,0.0006828557324557779
800,0.0006820658922354867
1140,0.000679737618531449
887,0.0006794420417866908
1205,0.000678912889664303
120,0.0006778730587400706
972,0.0006772677661925805
1480,0.0006761734415948564
75,0.0006741665828975044
976,0.0006736720893781755
183,0.0006701714088648608
30,0.0006688644164932321
333,0.0006670735418853262
699,0.0006667553078320565
796,0.0006663694543859487
1633,0.000662962187390556
1464,0.0006627214380075661
1454,0.0006585796052707962
84,0.0006573396294140755
1548,0.0006573078541451445
1308,0.0006567926333640097
1232,0.0006544537504929958
793,0.0006540681816291446
1545,0.0006527200968176696
547,0.0006517916278531516
1312,0.0006517300963869422
1390,0.0006516482509882487
417,0.0006516154036912962
1120,0.0006515557813727526
1403,0.0006504054435916693
716,0.0006496243125784803
252,0.0006490957430756497
953,0.0006472428375482192
1629,0.0006459082457281586
1558,0.0006450724421776181
114,0.0006438823247674046
27,0.0006437337748619339
1228,0.0006432993488933934
45,0.000642071330268365
1227,0.0006410571479989322
1715,0.0006410396287372398
956,0.0006396866774880609
1638,0.0006382366838820951
1646,0.0006351304156846396
1064,0.000634354976187143
312,0.0006338575405073068
1380,0.0006331876319626038
1289,0.0006331318063725122
638,0.0006320592525295848
33,0.0006312625941860146
1056,0.0006299896615384266
933,0.0006298129966206838
1634,0.0006276265997073944
1724,0.0006263700836241037
979,0.0006231437120225995
948,0.0006224030070534328
696,0.0006212853689355078
1145,0.0006198187788443748
51,0.0006192431272519085
970,0.000614287993391618
713,0.0006104915312256591
1063,0.0006104896229166664
1740,0.0006103143546044883
1550,0.0006097688017181082
1477,0.0006092011467360929
2262,0.0006047783660336963
1221,0.0006043506919087666
1235,0.0006018053360695421
1291,0.0006011516594954275
1202,0.0006011453930144197
1044,0.0006000130290628047
1287,0.000599482046332066
881,0.0005991041957357032
784,0.0005986155987119694
60,0.0005984060766699348
1209,0.0005975871972925487
190,0.0005965062669260835
626,0.0005962627198942977
945,0.0005959404243750086
1479,0.0005956589328515401
1041,0.0005947446167758485
2268,0.0005940667346058632
1373,0.000593934752019812
1402,0.0005900149332506396
714,0.0005893827691340198
1540,0.0005889966540655809
147,0.0005875342726953339
634,0.0005874885101404786
1632,0.0005874011521334106
1037,0.0005858726558738181
896,0.0005851861231839085
1636,0.000584406244669196
1478,0.0005841095255823125
1238,0.0005831700587383404
1401,0.0005824398526804765
1370,0.0005813435935213098
3,0.0005808976417282112
795,0.0005805225465680665
1643,0.0005761977444465507
707,0.0005750907076834251
1302,0.000573477243591662
726,0.0005716357343411146
1708,0.0005715888644177245
1553,0.0005713019622310296
2325,0.0005709637751448547
809,0.0005709556478509145
1023,0.000569642846244102
892,0.0005695961484670312
871,0.0005692285796560975
802,0.0005679009229107737
246,0.0005678617345094176
1371,0.0005673109609708951
1556,0.0005666161025891864
592,0.0005663135458539359
1804,0.0005662234534913432
249,0.0005656832752205164
429,0.0005649953177335261
895,0.0005633200783901031
228,0.0005626480040548277
1148,0.0005625613415208901
1036,0.0005623073992374269
952,0.0005622920615920014
1318,0.0005613628344079522
325,0.0005610815725766615
710,0.0005606731992023994
705,0.000557863584424954
132,0.0005562688166628654
1718,0.0005551797842737945
1656,0.000554563099031992
22,0.000554180941025754
721,0.00055412603293422
1033,0.0005535231330673243
1,0.0005532318182402845
797,0.0005530350820236452
780,0.0005524489452420212
618,0.0005523648476937955
905,0.0005503956512017486
150,0.0005502988132017613
1463,0.0005498013431569505
1571,0.0005497430631211557
624,0.000549728032089629
1474,0.0005487145513067963
872,0.0005486997842843253
63,0.0005475402383293391
1293,0.0005473108828865129
342,0.0005469516090366118
1060,0.000546453384308351
2184,0.0005462808404368516
806,0.0005458758792100065
318,0.0005449365944441699
1285,0.0005439824785705243
2331,0.0005438911796486563
1117,0.0005436217822249671
402,0.0005430720868631997
261,0.0005425158157650878
324,0.0005423687997334681
1396,0.0005421527271105952
808,0.0005412499484224644
1627,0.0005408136497085692
2317,0.0005395578556698047
645,0.0005394070610087608
756,0.0005392860902490718
42,0.00053855009531456
192,0.000537988830153455
711,0.0005374853556190307
489,0.0005373059458344316
135,0.0005365875815542682
700,0.0005365728530601253
39,0.0005365336680759468
544,0.0005359245496857566
1322,0.0005358449633789935
869,0.0005349021087126515
111,0.0005342912477176696
1473,0.0005326369017355328
141,0.0005319420128494819
1067,0.0005318815004813016
1642,0.0005315497876022344
980,0.0005307344575462404
1144,0.0005304853435565749
1199,0.0005302825716770631
894,0.0005301035139392657
1487,0.0005295044971922631
1237,0.0005292660881376672
105,0.0005291021429948364
90,0.0005288992634038311
579,0.0005276183712943592
765,0.0005270515310038607
103,0.0005270151130395804
1845,0.0005249999893748911
1196,0.0005249435503335509
1557,0.0005241525515978888
89,0.0005226236863902783
195,0.0005218099447578008
2347,0.0005216314129104354
866,0.0005215319451493275
2178,0.0005201228075563681
1564,0.0005200812387755429
1554,0.0005199599518083595
1565,0.0005185235622144631
885,0.0005176285191838198
906,0.0005173806085070866
1035,0.000515299785737067
633,0.0005151539281907397
4,0.0005141705484821261
1562,0.0005140687316123149
99,0.000513989655846497
619,0.0005129973177288404
1685,0.0005128212581473864
1723,0.0005126036665322087
85,0.0005123980212306987
2,0.0005123580885593593
1459,0.0005121188746199592
635,0.00051182862639442
1628,0.0005117963269319195
1551,0.0005111870681830647
701,0.0005106826854897126
1206,0.0005101552459342459
1146,0.0005098031701353349
1231,0.0005093428381311427
1612,0.00050897769811065
168,0.0005088198565556535
1315,0.0005087379414153192
982,0.0005087310098810902
543,0.0005087240712952215
719,0.0005086414223125936
2097,0.0005081023654883621
1595,0.000507757974803472
234,0.0005071865161791999
1326,0.0005071169394022475
1933,0.0005066894470952857
1333,0.0005063752565723503
208,0.0005061510478004074
637,0.0005049781433726522
12,0.0005048307158958098
1150,0.0005046403372609586
983,0.0005044634323518574
734,0.0005026152435939898
632,0.0005025762623527018
1179,0.000502552381549674
166,0.00050245879770726
88,0.000502280390607819
1266,0.0005018067025241508
250,0.0005014537184274694
534,0.0005013440201739807
399,0.0005012170248903876
1414,0.0005005433703062749
76,0.0005003439012586709
2198,0.0004998988850893376
1546,0.0004996051843353023
807,0.0004993999360487274
2233,0.0004992753872552699
1743,0.0004992233571090268
545,0.0004984655040190883
159,0.0004984505552835337
1096,0.0004982672912342203
1224,0.0004981285279866957
340,0.0004976605667786758
1734,0.0004974618561206006
279,0.0004969908375048284
1637,0.0004963715107938684
1286,0.0004957786948111264
1392,0.0004948928859543556
216,0.000493602231888223
154,0.0004934630848928699
867,0.0004931615805666554
1068,0.0004930795669447183
411,0.0004927959168463024
1329,0.0004922444564085974
96,0.000492224943884613
343,0.000492097731603973
2346,0.0004920235928998704
2312,0.0004917123856017473
1532,0.0004910435300576995
109,0.0004900122900739258
492,0.000489463520065617
1889,0.000489120479794675
1538,0.0004884420489647828
727,0.000488257012297281
646,0.00048780254148602834
1721,0.00048755690165356647
1234,0.000487186018921324
1727,0.00048704131762121
2080,0.00048678826416523357
861,0.0004864170785756993
243,0.0004863238711847992
909,0.0004862979683943497
542,0.0004858527794618764
804,0.00048581199733952385
2321,0.00048548660316124196
1159,0.00048538735009652766
2171,0.0004852068585226886
1405,0.0004848801957038597
1296,0.0004840650515924881
2265,0.00048372302236180043
717,0.0004835859619620834
1399,0.00048334072566524287
1321,0.00048325990100453405
1998,0.00048315800077457634
903,0.00048211595397553147
1639,0.00048180390505657504
2291,0.00048133462375522936
108,0.00048129019368028334
1011,0.0004811342937455678
1305,0.00048101593509563493
1143,0.00048099228355886423
783,0.00048031217009726575
718,0.0004801600492204342
1368,0.0004801016307205134
270,0.000479852443905111
211,0.00047956384254041213
1801,0.00047913751437078135
870,0.00047903481512295875
722,0.0004778391571221445
117,0.00047740907933862474
1860,0.00047714939942454266
1080,0.0004771016878251748
1288,0.0004770934805625455
1147,0.00047675816931875073
950,0.00047662145209214436
112,0.00047619284826192935
1969,0.000475582655594407
77,0.00047550854537659667
405,0.00047505534442157774
616,0.0004749841149177692
83,0.0004741914539850327
2351,0.000474165944447456
1754,0.00047412665923324927
1710,0.00047398249400938696
2179,0.00047370557003471734
2339,0.00047348459200059837
625,0.0004734266547895749
1599,0.00047314655695201345
622,0.0004727312573493037
690,0.0004726938830858058
11,0.00047256596051872027
641,0.00047237942217859675
7,0.00047220030680041985
574,0.00047108705649078484
1062,0.00047097501347429085
620,0.00047092860227376825
1257,0.0004708257609226935
1098,0.0004704467152118193
1802,0.0004703124954924386
1581,0.00047029684613590715
709,0.00046938350644257535
2131,0.00046927229927862956
1236,0.0004689718294610807
1932,0.00046858860978950094
258,0.0004685150207643403
193,0.0004677117446920692
2259,0.00046732486448801863
1728,0.0004672509074281138
702,0.0004672023589457719
630,0.0004666948859130482
144,0.0004664286647451016
1484,0.0004663615617152171
1197,0.00046634186826279104
621,0.0004661871561293045
2266,0.000465765564106519
1886,0.0004657048982833596
1483,0.0004656330459862468
480,0.0004647002787007923
1900,0.000464091918652043
652,0.0004638354906450403
167,0.00046363495707475624
2023,0.00046360661876934813
951,0.00046328335247334754
562,0.00046281500748700504
2304,0.000462150400099391
975,0.0004620848421589544
730,0.0004618749061290635
2200,0.00046171649019553215
174,0.00046171478118800237
81,0.00046130287803620654
723,0.0004611043979773964
106,0.00046102221125729703
788,0.00046055831762288005
1525,0.0004602488825761733
1602,0.00046020589173733403
631,0.0004601027362257726
225,0.00045986923986080636
2344,0.00045970605349710447
1706,0.00045955280077698526
387,0.0004592302660207207
1034,0.0004585518809532713
1737,0.000458277318236099
990,0.000458191547549025
1692,0.00045813026583938
1494,0.0004575905835473305
2242,0.0004569762202964322
116,0.000456844506277136
1680,0.00045658893168204847
1625,0.00045656764340683053
1264,0.00045639332340412377
100,0.0004563716647295518
2277,0.0004563361745633118
309,0.0004562947157294429
1622,0.00045612864193556973
156,0.0004551593187304148
1805,0.00045497988610018053
1701,0.0004547397913436368
1798,0.0004539307540448474
789,0.00045362319952145443
1443,0.00045339486729798715
1070,0.000453147863467366
2269,0.00045313645427432425
115,0.00045237416081368953
423,0.00045180470038259257
628,0.00045162294000936716
1320,0.0004515101166623521
2016,0.00045134951769517685
663,0.0004512676037290178
1772,0.0004511836541282572
306,0.00045092747331421806
2345,0.0004507671428278416
408,0.0004503829796344881
1283,0.00045012594492834987
1594,0.0004496894937934397
1750,0.00044940683312722196
1814,0.00044928646951104405
1697,0.00044911920159659114
1757,0.0004483573096557494
93,0.00044818437960816355
2343,0.00044816468449930476
348,0.00044790015061179034
1810,0.00044784618942125446
2289,0.00044770018900683957
418,0.0004476180887782133
1671,0.0004474271068729477
1173,0.0004473507739639059
2119,0.0004472374979891752
1192,0.0004465994997250377
642,0.00044657845888768083
435,0.0004464938040390394
2348,0.0004464061541069926
629,0.0004463597666045564
1818,0.0004462525222550413
1741,0.0004460230353270821
1808,0.00044559701235139605
1870,0.00044555941573745227
1793,0.00044512836905036415
373,0.00044512782523651966
1335,0.0004450495503167572
787,0.00044495855241122973
1327,0.00044457902901623366
1395,0.00044456782721354976
1735,0.00044445297307561734
1122,0.0004441478447588072
1092,0.000443893957795204
1239,0.0004437732439393951
87,0.0004436121910915435
636,0.00044355977182001794
691,0.00044330207334922607
285,0.0004428569019927776
48,0.0004424006314713185
2273,0.00044191113730202025
102,0.00044177138369377243
752,0.0004410953564568466
2272,0.000440985486320037
627,0.00044092016580830255
1357,0.0004405452453433624
1489,0.0004404233566116484
2030,0.0004404073618186681
569,0.00044002056818541875
901,0.00043944041060913413
2267,0.00043929627563834954
222,0.00043898753868374497
1277,0.00043897808766204366
464,0.0004387396982493236
1503,0.0004387047905307305
704,0.0004386000956367797
2096,0.0004384371709679972
725,0.0004383127356442001
1698,0.0004382764068762496
2337,0.0004379594556198095
1366,0.0004378476563324006
457,0.0004376059555199367
1093,0.0004374960728401334
231,0.000437330342753744
615,0.00043713567205197425
1888,0.0004368378427174656
720,0.00043615582429591974
184,0.00043611452532269624
1807,0.00043598137901479253
2224,0.00043590889709190525
647,0.0004358734992448596
2045,0.00043576431974205157
1923,0.0004357095545751835
372,0.0004355446639622356
1252,0.00043550738336948786
189,0.00043529457500608146
1848,0.00043513977555237907
198,0.00043481822939803915
1972,0.0004346813450657201
175,0.00043445065185944085
900,0.0004342199251519342
1456,0.00043335083727167776
2177,0.0004333426593402389
82,0.0004331630022946833
153,0.00043278760019866157
164,0.0004326931157258533
837,0.0004324375951352676
1263,0.000432401609345198
775,0.0004323887907740752
1069,0.0004323663533485014
763,0.0004321960270304387
2010,0.000432119516549964
660,0.0004318204590655941
1423,0.00043174113313659764
1729,0.00043167621816541903
264,0.0004315101768423584
268,0.00043134809062205805
330,0.00043100114836609087
989,0.0004308223339264424
516,0.00043072114973183583
2197,0.00043070561205355007
1795,0.0004306452472383788
257,0.00043047915143860303
1270,0.0004304360555443192
2263,0.00043020288924482
1071,0.00042972164938347336
1650,0.00042970881459134544
1836,0.00042969330321424227
772,0.00042966277072174904
1153,0.0004296243545484609
810,0.0004296218948125936
2166,0.0004295403293962948
467,0.0004295305394955397
1767,0.0004295182247035895
136,0.0004294610751397351
1497,0.00042937081156028863
26,0.00042931975791052205
461,0.0004289709674611387
107,0.00042885686276589586
1017,0.0004284861360848011
490,0.00042841212650944645
1657,0.00042820138573927355
2336,0.0004278821268638833
1649,0.0004276829393315319
1520,0.000427675065596375
498,0.00042759762673428415
79,0.0004265566228353298
80,0.0004258010888754571
1425,0.000425796672351837
1871,0.0004257758048849145
1822,0.00042570189059846743
1957,0.00042567639485614165
1713,0.0004256285672047154
194,0.0004254542719854851
441,0.00042544551832253327
1119,0.0004252858114784187
1279,0.00042505997065901376
733,0.0004249006037832433
2308,0.0004248180056236983
922,0.0004247244203806035
868,0.0004246802997377789
2036,0.00042464639877824544
1956,0.00042450511147250694
2085,0.0004244247452144359
597,0.0004243968948189578
1926,0.000424358138363757
1733,0.00042434688348180896
891,0.0004242021061572954
2108,0.00042417940476905395
954,0.00042411582536761467
269,0.0004240217102627591
62,0.00042384212649287386
1032,0.00042353086099515216
535,0.0004234614641215782
1504,0.0004229383911791052
456,0.00042262118606260356
1712,0.00042260955054453775
1915,0.000422520474480103
345,0.0004224824473105996
1651,0.00042239261893136867
623,0.00042222161673454025
1925,0.00042186233270839605
1635,0.0004217763619297667
1618,0.00042160736665962037
786,0.0004210871330428731
1725,0.000420690305275959
1541,0.00042068069659451465
1654,0.0004205865002924053
1177,0.00042046328779025353
1744,0.000420411851583887
2012,0.00042035738442711715
1342,0.00042031738194818415
1578,0.0004202518267843145
1440,0.0004201493455295528
925,0.0004200460716704303
743,0.00041928462143346444
427,0.0004189565554487964
681,0.0004188266512144764
282,0.00041877555039683713
2103,0.000418617557766009
1786,0.00041821432822806965
778,0.00041819312152463283
946,0.00041815686834208854
465,0.0004181276903279318
1165,0.00041765478937784477
858,0.0004176519861163283
919,0.00041759376899510204
2185,0.00041751063272885537
2182,0.0004173960185880737
898,0.0004164002135699646
1089,0.0004163527768928339
1563,0.00041623809380972283
414,0.00041622940199256717
1111,0.0004161732958297273
986,0.0004161472029201733
17,0.0004160672775341586
2219,0.00041588581339233006
2230,0.0004157937255025982
582,0.0004155656101715538
2005,0.00041554905344167624
2081,0.0004154430030385818
538,0.000415300897457809
546,0.0004152287919941813
20,0.00041481205693319907
815,0.0004146349802388454
1114,0.00041424639297628666
1828,0.00041417382770819966
511,0.0004141362289860883
2026,0.000414128097031074
1544,0.0004140914649143904
1314,0.00041381007324494686
2255,0.0004137127544863601
524,0.00041355513118702947
2013,0.0004130080883219136
812,0.00041292371145872125
729,0.0004127296401443221
2127,0.0004125651181820454
2231,0.0004124668283703126
728,0.0004124472149675204
241,0.0004123211686651253
1694,0.0004122916464085957
1598,0.0004120568472657386
2062,0.00041197857712333395
996,0.00041190384714605055
1372,0.0004115538204732872
2149,0.00041138882292259785
1655,0.0004113736788357705
2100,0.0004113256965543672
265,0.00041131950463755526
504,0.00041113634900290583
86,0.0004111305012430862
375,0.000411123233926937
2094,0.00041094379907464704
214,0.0004108265114904253
781,0.00041049836839940725
1112,0.0004104279246560136
1965,0.0004102008888276739
689,0.0004099416253800448
847,0.0004099017483451394
1280,0.0004098271206197352
280,0.00040975316637503604
1596,0.0004096430091596835
904,0.00040953605675232685
779,0.0004089818062937853
2204,0.00040894341809911516
442,0.00040881010855226083
1398,0.0004086827626128118
2071,0.00040858164394536517
32,0.0004085593408161194
850,0.00040855366798341904
162,0.0004083260980762607
381,0.00040823899902972153
2306,0.00040814366079115885
2031,0.00040804724087272094
1647,0.00040771885093308306
1201,0.0004073497625672558
1077,0.0004070561043941935
483,0.000406341065237406
1193,0.0004062678395008212
1666,0.00040610781000677244
1008,0.0004060580886545085
1825,0.00040598714593724055
2225,0.0004059362933103197
1922,0.0004058713672959362
2158,0.00040535614810335987
2341,0.00040514714626677686
127,0.00040506429587414946
240,0.00040489313607016395
1707,0.0004048374333923668
1389,0.0004046467594994474
1653,0.00040458088587631976
1325,0.00040441726634894807
2315,0.00040404470446868596
988,0.00040386560990422207
548,0.0004037345569730636
124,0.0004033319175434025
1452,0.00040313932933899456
158,0.00040308186679206294
1188,0.0004029493845175938
1336,0.00040284954465484975
1585,0.00040277143724080726
1028,0.0004026749769719415
1025,0.0004025944805185909
2162,0.0004025788648893542
1408,0.00040241710578653184
1730,0.00040230926099742837
1170,0.00040225895839869885
2091,0.0004022480052215441
1717,0.0004021680454709627
1115,0.0004021464713482155
1195,0.00040182602837945627
834,0.000401801291361866
219,0.00040178872685653886
1781,0.00040175645732642984
1113,0.00040105960040978693
1709,0.00040099278159113976
359,0.0004008479157578587
840,0.00040051757109880825
455,0.0004004574365944253
2323,0.0004003511174005218
1882,0.000399791965479581
2008,0.00039974727248363965
97,0.0003995928401622029
999,0.00039947237116385714
1997,0.0003994220957965309
1258,0.0003993867436360737
995,0.0003992602385784056
1282,0.0003992251212739765
507,0.0003991664212143144
349,0.00039896999264061515
450,0.00039896549072076446
283,0.0003989565030258134
242,0.00039887267484545153
475,0.0003987726063692161
539,0.00039872425589273694
656,0.00039864842832691607
1167,0.0003980084564559466
254,0.00039792097734709183
1031,0.00039778739224516146
1118,0.00039742295729558165
1027,0.00039727594131785623
589,0.0003966975448911035
443,0.0003966494852271834
2120,0.00039642549364754136
2303,0.0003963679471476543
239,0.0003963404034461973
1779,0.0003963105314202712
2207,0.000396266678839591
2156,0.000396037398527326
2305,0.00039564196463632423
556,0.0003955707054540664
2256,0.00039554192092710754
2093,0.00039550504963434144
403,0.00039539925643524945
1531,0.00039508751991467573
939,0.00039508724524674584
1963,0.00039496461496540605
2052,0.0003949136275301334
1799,0.00039489860577531985
1149,0.00039453376827588174
1099,0.00039437079638225274
1597,0.00039433445953599317
1457,0.00039426763096851155
353,0.00039379687426289024
2221,0.0003937862924928669
934,0.00039373654239638003
1549,0.0003935894386733736
1993,0.0003935655353790358
476,0.00039337716912303685
24,0.0003932985491301982
706,0.00039314847970593666
1003,0.00039314060570084093
1431,0.00039305517796978643
1576,0.00039301739321142686
509,0.0003929642454086358
942,0.0003927162851254099
1198,0.0003921900451512376
50,0.0003919204641247348
1930,0.0003918773657219619
2015,0.0003915128808319189
1470,0.00039136502201572406
2314,0.0003913380814832644
2299,0.00039132864335585354
55,0.0003910165929178553
1986,0.0003907619279503868
2332,0.0003907113055542413
822,0.000390630326438089
181,0.00039045494502015267
549,0.00039044881360478966
419,0.00038982697772615104
1731,0.0003896382064715985
1686,0.00038948987682122166
376,0.0003893001214038825
2340,0.0003890135361094352
2320,0.00038901172961194213
586,0.0003886809668247848
1261,0.0003886071449691919
1691,0.0003884702708286703
857,0.00038834416439730035
1572,0.00038819566114236826
1944,0.0003881202591994325
1621,0.00038797207596122905
2313,0.00038773847667227077
274,0.0003877366294315063
1940,0.0003876865842055787
2220,0.00038766349516629973
238,0.0003876084298826575
1593,0.00038755276127128233
420,0.0003874135602260564
236,0.0003874063791814067
1065,0.00038736193581607515
1586,0.00038708973399172636
1444,0.0003870622515391088
2205,0.00038692267776317695
2152,0.00038681774076330266
1377,0.00038662612357237384
2252,0.00038627118197168586
1539,0.00038622612059892547
2309,0.00038601235729512136
2271,0.0003859354282410799
187,0.0003859040558056619
2039,0.0003858457765250847
59,0.0003856647238874897
554,0.00038561237914455334
1640,0.00038554910411878044
1278,0.0003853927266771187
221,0.0003851533269636287
218,0.00038484508267203245
1103,0.00038468318225445803
1726,0.0003845791452725748
210,0.0003843301287821284
949,0.0003842786044475197
2270,0.00038422943400759016
777,0.00038414755875322424
888,0.0003841032036749507
1317,0.0003840716376044058
2333,0.0003838987135057466
1171,0.00038386863016773553
1687,0.0003837463027110555
613,0.00038370865179216285
296,0.00038364666831072546
1574,0.00038360659137271467
2201,0.00038298014803039366
1996,0.000382933569397834
422,0.00038291236497270474
356,0.00038259644247676396
1722,0.0003822924232342056
1906,0.0003820783327517521
2107,0.0003819593985100064
1569,0.0003818010561899605
2284,0.00038179781186792035
188,0.0003817206235789369
1354,0.00038164152011577207
1874,0.0003815949748360765
2109,0.00038155097892183403
1191,0.0003813500523970837
1007,0.00038123680930313565
856,0.0003811686875984772
1914,0.0003810278901722787
229,0.0003808150473361694
70,0.00038069197529189445
2285,0.0003806747199383524
126,0.0003806042482184183
687,0.0003805117678736715
466,0.00038045990975917114
2202,0.00038044051061732507
1158,0.0003803786520678716
1584,0.00038029817857804086
2074,0.00038029447115273124
1567,0.00038013508552662146
774,0.000379867102095886
1856,0.0003798594120680425
2350,0.00037973445302483987
1074,0.0003795540140598961
263,0.0003795223086326668
897,0.00037945701037730707
1813,0.0003793889921741356
1623,0.00037925705263806256
724,0.0003791799338332162
1873,0.00037912298803975355
1450,0.00037895454271891037
486,0.00037881041005627196
391,0.0003787879082329952
235,0.00037868843583128975
2228,0.00037858389829337945
2146,0.00037857868575588396
2033,0.00037855816101656713
827,0.00037855554778750387
782,0.00037836040486177974
323,0.00037834327533864387
1352,0.00037827151349987035
328,0.0003781219594605089
259,0.0003778663066887274
1271,0.0003778093195090766
1665,0.0003777033965915332
29,0.0003776252552023373
1163,0.0003771588675626163
1290,0.0003771100139770107
750,0.0003769722669348873
1763,0.0003769528306004093
565,0.0003767602966153647
406,0.0003763804032293271
1732,0.0003759780483825191
2328,0.00037588420822424015
2193,0.0003755155864608891
1324,0.00037550362390620487
38,0.0003754283613329448
992,0.0003752742711695675
835,0.00037509645349524846
148,0.0003750837734764124
2025,0.0003750621812461226
138,0.0003750341750036303
2253,0.00037502961616356367
526,0.0003744951086972938
477,0.0003743577162538782
474,0.00037419105247618573
695,0.00037373854510733024
1516,0.00037365027989707194
355,0.00037355452616220263
1106,0.00037302373029417187
2217,0.00037273923475931715
537,0.00037257923445766487
2143,0.00037256884698605637
255,0.00037253081025320387
1575,0.0003725030988224844
522,0.00037243865653886695
1369,0.0003723769097265918
984,0.00037218882129381564
555,0.0003721581098076576
1967,0.0003720834774956249
1790,0.00037200288785038243
288,0.00037196294611134784
842,0.0003719436412885285
2034,0.0003718595739597182
927,0.00037184322773973973
1522,0.00037131931340803704
36,0.0003713188521818821
583,0.00037107413854218553
1168,0.00037081874971901026
2169,0.0003705959455118823
253,0.00037037503378259135
1977,0.0003703699321601528
2194,0.0003703652547449253
664,0.0003700549028207172
1749,0.0003699996805920668
169,0.00036998827483007197
2294,0.00036991598153674236
10,0.0003696661453426185
1094,0.0003695822736509223
669,0.0003693085100263099
591,0.00036906927117102745
1341,0.0003690022321999599
1355,0.0003688968076276091
557,0.0003688905134229364
2051,0.00036869753363497987
1797,0.00036869573564270923
2180,0.0003685292733116539
8,0.0003683174836250207
223,0.00036807398418490616
1684,0.0003679382508106664
744,0.0003679175915375261
35,0.0003677493265160412
753,0.0003675625097342618
561,0.0003675442918473213
2322,0.00036754214752239507
1248,0.00036740133587040457
644,0.0003672638747297886
914,0.00036707617968123916
1203,0.0003667261128819798
1284,0.0003664464601134358
213,0.00036642902143542606
1630,0.000366342111373003
571,0.00036627484544243637
481,0.00036625961075289354
1866,0.0003662221784160052
1526,0.00036606986256916655
941,0.0003659141758365931
852,0.00036587513514522036
1169,0.0003658095789377331
392,0.0003657233250134311
1812,0.00036572267907050753
1765,0.00036569005166000305
2065,0.0003656432585588501
512,0.0003655712179091095
199,0.00036553959094512916
1339,0.0003654902670926882
708,0.0003653181761933855
1988,0.0003652847330670535
104,0.0003652526703222567
2293,0.0003652285656366718
472,0.0003651087893971645
1351,0.0003650970172690923
2172,0.0003650864149561721
1059,0.00036505651431699963
1815,0.0003648828124618796
928,0.00036478431073971927
1764,0.00036473574994770315
267,0.00036469836313513996
297,0.0003646459943387039
334,0.00036455163449642715
366,0.00036441961530409397
1490,0.0003640441060186624
703,0.00036402373037826985
749,0.00036394250057793465
2187,0.00036389319159401003
1604,0.00036387684992402424
1311,0.00036384174901600786
121,0.0003633676414882709
2175,0.0003633005128150649
203,0.00036315984801809585
244,0.0003626187337180686
2226,0.000362388869171805
2274,0.0003623141980869867
388,0.00036223465051927534
1948,0.00036202438498319096
2189,0.0003619247604293203
286,0.00036177440177672873
123,0.0003617380605700445
220,0.00036173182204689275
1809,0.00036170887885393074
2089,0.00036163368903119737
502,0.0003615298521787035
321,0.0003613934903100128
528,0.00036128382206158135
2020,0.0003611897575455417
985,0.0003610419138457916
568,0.00036099740054890643
21,0.0003609803150665367
823,0.0003609269436724119
1160,0.00036088655664101604
1004,0.0003607651421816209
101,0.0003607441226005559
915,0.00036062997672740426
2038,0.0003604789877337085
2022,0.0003602895693289243
1641,0.0003602309123870084
371,0.00036012354279191944
2061,0.0003600917665116439
1716,0.00036000309025275694
95,0.00035996078305285936
2157,0.00035995129214286113
380,0.0003598916689195769
1492,0.0003593514106927925
1901,0.0003592335881895691
2192,0.00035923234352561244
19,0.00035916882851295934
300,0.0003590920932376611
811,0.00035904522422929887
1415,0.00035888421547159783
58,0.0003588347315392424
1424,0.00035877027382273343
1095,0.00035868242447708985
1433,0.00035846232827889835
1506,0.00035831955570854646
651,0.00035828726941034586
2167,0.0003582459605266073
336,0.00035816257813770587
921,0.00035813564372037
1913,0.0003581023748115338
1994,0.000357607708288037
331,0.0003575997926785724
2077,0.0003574407465065439
1711,0.0003569839149806093
672,0.000356950825314148
2280,0.00035694842405319935
768,0.0003569363405704652
1533,0.00035685819970420455
2227,0.00035685305898098933
1535,0.0003566776741966537
510,0.0003566598953811583
1359,0.00035653831005367126
448,0.0003565345091917504
308,0.0003564871023170505
1184,0.0003563802513608025
682,0.0003562361796341085
2211,0.0003561336376500887
2137,0.0003561104988338908
1268,0.0003560475164461195
1974,0.0003559853150729594
1100,0.00035598084010732837
819,0.00035588477479863925
1364,0.00035580032465471926
1885,0.0003557930018909773
182,0.0003556481947009665
67,0.0003554497450197071
585,0.00035537284324122225
1345,0.0003553185306581151
2196,0.00035530029718916864
1917,0.00035501411483212234
560,0.00035493929972343235
2298,0.00035490595334201127
1929,0.0003548581651522017
735,0.0003548567769724873
588,0.0003548191141534938
2059,0.00035481377859913817
92,0.0003547988181602149
1985,0.0003547543173330644
351,0.0003546754741235754
1230,0.0003545164265254591
1981,0.0003544620893367195
864,0.000354357419865358
1521,0.00035431800771376615
947,0.0003541049734642296
1966,0.0003539719061255887
398,0.00035370509936720495
1973,0.00035351923196453607
488,0.0003535003657066088
614,0.000353394426083361
1073,0.00035336521069578717
525,0.00035326516379673937
2258,0.0003529512375653307
849,0.0003527480807837729
212,0.000352558614574973
1445,0.0003524677154383615
1066,0.000352327248945249
149,0.00035231503261737746
1891,0.000352285533294298
675,0.0003522491185596967
458,0.0003517863970844451
2247,0.00035167936951269017
139,0.0003516374864598068
1937,0.0003515401825412686
1020,0.0003514897647293476
1363,0.00035134200276474496
2281,0.0003512707848619481
447,0.0003512683674935758
865,0.00035125249620120743
899,0.00035123108585227
1076,0.0003511704664951814
1507,0.000351152946550897
2088,0.0003511279246911766
617,0.0003509512773051355
2006,0.00035091578137553235
1244,0.00035086625321396957
118,0.0003508458666935596
943,0.00035082166006699316
129,0.0003506958482876558
2282,0.0003506591126246592
1987,0.0003506263137912633
994,0.0003506205934472315
531,0.0003504573033674989
605,0.00035010775387615313
2244,0.00034994709083633463
2254,0.00034990344760022055
2072,0.0003498625849331649
2102,0.0003496924061995565
421,0.00034949286286406906
1837,0.0003492800406996092
365,0.00034914608130414126
2140,0.00034913546274614217
206,0.00034912179502427784
2104,0.00034900250547110036
495,0.0003488784281199859
2260,0.00034886456203676245
607,0.0003487574776320435
1789,0.000348710915773047
2334,0.00034857080620627256
666,0.0003485670733114336
920,0.00034854293235074297
2050,0.0003483627594447877
529,0.00034832129920009614
1458,0.0003482198211095568
426,0.0003481645962619953
332,0.00034813543857156997
1714,0.00034793707995881343
298,0.00034774590970456146
1984,0.0003475579991628671
1476,0.0003475522621126639
2082,0.00034749667972619095
1242,0.00034738874937148095
2124,0.00034724230022305843
1488,0.0003472180815818338
832,0.00034713044195623324
829,0.0003470877480200625
643,0.00034706114278010227
1942,0.0003470014558657466
863,0.00034671269731207754
2310,0.00034657123415658437
384,0.0003465213379804546
1334,0.00034646273483798486
1338,0.000346270021899039
558,0.0003462392947840928
122,0.0003462345770632906
1827,0.00034620058411420385
648,0.00034618554074935886
56,0.00034608257835797994
2164,0.0003460341433532459
1989,0.0003460131730588916
1568,0.00034597103403573017
862,0.0003457124900520064
322,0.00034565856964887466
1561,0.0003450076061529427
731,0.0003447997740816428
1018,0.00034477578298356396
1486,0.0003447113642131766
1877,0.00034464578255723893
2160,0.0003445810114518004
2018,0.00034434573589882216
1022,0.0003442138067958833
207,0.0003441283489737801
839,0.0003440429461146012
1422,0.00034402829214651647
1498,0.00034388279262575274
1660,0.00034384587675688266
400,0.0003437449420860546
1693,0.00034370459425757914
462,0.0003435935332979254
1796,0.00034357061688976965
1409,0.00034356408825032326
1276,0.0003434289159671438
1005,0.0003434013449189376
2114,0.0003432312550936985
1185,0.0003432218141923638
130,0.00034310802067294785
271,0.0003428707020641507
215,0.0003428281780237894
1894,0.00034276580996262326
459,0.0003425910611810553
200,0.00034248084315521046
315,0.0003424739567943883
434,0.0003422336355163295
2188,0.000342183780651194
2105,0.0003420761184858772
931,0.0003420432648578539
1792,0.0003417956935399394
1493,0.0003416817483393396
603,0.00034167141452833856
61,0.00034148198174015524
34,0.0003412915196536201
1739,0.00034114616261552756
1453,0.0003409838562377252
2155,0.0003407539344789478
654,0.00034072944811156935
1420,0.00034072332597362155
1330,0.00034055145013871306
1924,0.00034048778465248767
186,0.0003403573208013227
987,0.00034034464390226025
1259,0.00034030326953499786
1461,0.0003402322203471316
409,0.0003400952453351496
1426,0.00034003525851496083
23,0.00033993382039522213
2032,0.0003398854308264233
496,0.0003397745540171557
1241,0.00033972953924109404
2056,0.0003396547835810936
281,0.0003396307983127662
320,0.00033952014689824834
2129,0.00033949197801435676
137,0.00033906504524395446
171,0.00033902698721686097
248,0.0003389380286281074
1890,0.00033889183154166074
2007,0.0003387547888681635
2163,0.0003385910256034932
173,0.000338565358260106
1519,0.0003385642652748288
1620,0.0003384912639083654
2311,0.0003383601187127821
1091,0.00033822698236910757
2195,0.0003381817376992201
1859,0.0003380567656321241
578,0.00033802828138599267
902,0.0003378951740119998
515,0.0003377695078050329
598,0.0003373108635779311
736,0.0003367832334152398
2028,0.0003367615522826964
2338,0.00033664758844884865
1614,0.0003364665165212963
46,0.0003362646422828373
916,0.0003361820129983473
650,0.00033615605552521295
293,0.00033614740807787576
1174,0.00033575749459339814
1406,0.0003357574740848589
299,0.0003356059277443081
2324,0.00033554324496027607
256,0.0003354747698382829
237,0.0003352734895995016
313,0.00033521957854279347
13,0.0003351704010268181
550,0.00033471590408056673
389,0.0003347124458776644
1410,0.0003346659373150983
1782,0.0003346599152157093
295,0.00033449952924600177
1771,0.00033449678233595594
292,0.0003343362570040531
354,0.0003343129461674771
2237,0.00033420952251034356
1920,0.00033417888181344174
2116,0.00033417056138962755
1600,0.0003341190425276109
845,0.00033401788797416055
2128,0.00033396145364015536
2243,0.0003339014487147567
2086,0.00033386237756033427
2235,0.00033376684608869915
2297,0.0003335308869852614
433,0.0003334752079941813
1976,0.0003333377408677355
201,0.0003332222874714003
609,0.0003330344206445265
438,0.00033282746005700205
1868,0.0003327208754246296
1412,0.00033243022322413003
805,0.00033229820392948975
910,0.00033209461172893287
1155,0.000332068410298842
1110,0.0003318201690114118
2118,0.00033175019379035726
41,0.0003315119716038398
2241,0.0003312863340720672
1186,0.00033124808754335665
676,0.00033114796902474565
1178,0.00033108597032486983
1842,0.0003310768873934898
2019,0.00033100779679633797
487,0.0003309977608612584
739,0.00033073023056593337
1183,0.0003306985294199847
770,0.00033066174703141947
608,0.000330547090032377
2135,0.00033036869673388954
1736,0.0003302946884439643
748,0.00033025297589259363
157,0.0003299795192988811
1500,0.00032992341216442865
2161,0.00032982198532285504
1819,0.00032970627464232264
601,0.0003295105281568041
1652,0.0003294954729968943
817,0.00032946427875878994
2302,0.0003294259732385729
1659,0.0003291774465147756
131,0.00032913878426428305
197,0.0003291279536666976
1780,0.000329071596207012
1075,0.0003288108938743396
1509,0.00032869137980622254
1580,0.0003286781007765935
1176,0.0003285315129147793
1448,0.00032852898187401023
1847,0.00032846513471365826
2044,0.0003284343611001269
2095,0.0003284134257364395
1824,0.0003281888487672533
1101,0.0003281180018625585
1945,0.0003280017610815799
425,0.00032794672673357243
2003,0.00032787762013427994
697,0.00032783278383105867
1107,0.000327780117078
2035,0.00032777296308673915
2288,0.00032742561782469424
1858,0.00032736253572570136
1116,0.000327320203148264
1865,0.00032723785349821104
611,0.00032711655471571625
1233,0.00032694197302235494
745,0.0003268997675316479
1811,0.00032685907190566175
1331,0.0003266980379254666
2330,0.0003266099519757331
1428,0.00032657136273026537
610,0.0003265254606675618
170,0.00032641049219972717
1645,0.000326157941119143
536,0.0003261416309093675
1016,0.00032606415666460283
278,0.0003260455104622933
600,0.00032599822308573026
1760,0.00032578058231890524
2047,0.00032569359827733723
393,0.00032563784677380655
360,0.0003256257855436928
1502,0.0003255291905776574
53,0.0003254594527690339
2101,0.00032538571220903104
1803,0.0003253109322181836
1189,0.0003252458621387331
1852,0.000325142769712967
1367,0.00032496055026618923
841,0.0003249475110277625
390,0.0003248800143657186
758,0.000324831729058123
1613,0.0003248236048259546
5,0.0003247424944817809
2069,0.00032468638322870965
396,0.00032468207912080726
179,0.0003246698746870615
311,0.00032455674233377706
1617,0.0003245530015480715
1951,0.0003244331582105719
224,0.00032435931903184963
1015,0.0003241886652566564
1515,0.00032410312130138583
1523,0.00032401325850288756
1579,0.00032381681239651485
581,0.00032373030679510234
2264,0.00032371841696226703
1164,0.0003235742265017579
1449,0.000323077031754883
2042,0.00032297905924229183
440,0.0003225598429473176
1841,0.00032240051784229387
2213,0.0003222148809658434
2300,0.00032217411613853016
358,0.0003221429946549271
1175,0.0003220371453916602
1079,0.00032189297516955605
820,0.00032184327940175297
2218,0.0003217245774012969
559,0.0003215113355850522
2292,0.00032149287701460535
2147,0.0003214623508449036
287,0.00032142532334532845
1921,0.0003214108692425055
2125,0.00032124859975685415
1591,0.000321200167825134
275,0.00032118714063469477
1867,0.00032116281132887897
2001,0.0003208443988040324
432,0.0003207847442879643
1434,0.0003207712130707254
247,0.0003205231940859035
553,0.00032036196264429253
854,0.0003203252724126846
593,0.00032028751927577835
746,0.0003202740708612244
859,0.0003202195318022745
1954,0.0003200591339405223
1911,0.0003199089464123071
1097,0.0003198566613758724
825,0.0003198421673114266
413,0.0003197053466798225
1162,0.0003197030265779616
1088,0.0003193351334672329
1840,0.0003192689406783854
2121,0.0003191570005330894
302,0.0003190951334860045
924,0.0003190418274793436
1800,0.00031885617240314337
517,0.00031879970452222385
2203,0.00031878297933414886
1791,0.00031866735174090644
612,0.00031861235758715625
1002,0.00031846554023416413
160,0.0003184653999429783
226,0.0003183812617575615
821,0.0003183331170802176
1560,0.000318190736521883
1905,0.00031808815235636354
1441,0.00031807284226293206
1013,0.00031803042964747083
2000,0.0003179367182372663
930,0.0003178481771998578
1758,0.00031784174160874845
2132,0.00031743350458416156
151,0.00031740611897039067
2117,0.00031731564722243426
1949,0.0003169657670569171
2212,0.00031676070801285843
694,0.0003164306410895808
1953,0.0003163509571862514
1482,0.00031614577822648476
1861,0.0003161071513997151
2245,0.00031607015336516405
824,0.0003160193170026788
814,0.0003157845873106232
1823,0.00031560921858937095
1511,0.00031558441794991
2275,0.00031544812507224186
769,0.0003152522483593666
262,0.00031514854745025154
1272,0.00031509472799436393
981,0.00031500512110963825
1747,0.00031498485527773766
1573,0.00031497444721263415
430,0.00031479093725368516
1961,0.00031476749583434394
1496,0.0003147422976367925
344,0.00031468955649526664
125,0.0003145847385047308
1775,0.00031451068757278766
2246,0.00031450844614880764
935,0.0003144857199489847
335,0.00031425334214660983
1875,0.0003142311647283624
2342,0.00031421000022249643
1705,0.0003138894448580513
43,0.000313570924413609
1437,0.00031343395978429523
1362,0.0003132050831039958
1606,0.0003131374282987097
2073,0.0003131294093959122
284,0.0003130508372770504
2111,0.00031282237287368764
1529,0.0003127017970957154
755,0.00031267949285489796
2236,0.0003125307573277187
415,0.0003123760793569743
1615,0.0003123153372998628
1508,0.0003122758765233271
1700,0.0003122478118603532
1619,0.000312142770919864
1662,0.00031209526064440756
1667,0.0003120909121482764
649,0.0003120047438432218
1670,0.0003119868526031836
1152,0.00031181354135836225
1537,0.00031177240977017394
2053,0.00031176242152849607
836,0.00031175122628499403
1072,0.0003117032411849036
1849,0.00031166377392895846
532,0.0003116633988855689
1896,0.0003116607542537744
1605,0.0003116599467134107
944,0.0003115907997130461
2301,0.0003114794914035217
2238,0.00031142833319356414
678,0.0003114075583139513
1644,0.00031140111500944977
1275,0.0003112787521421699
277,0.00031122387325831203
397,0.0003110563122182159
1960,0.0003110344204971124
1588,0.00031082303721162723
2113,0.00031075876520367734
2040,0.0003105460157123528
2234,0.0003104763684920371
2296,0.0003104487120292165
2057,0.0003104422193388209
2283,0.00031041169075924746
1992,0.00031039221438456375
1273,0.0003103516091774874
1030,0.0003102400698282526
563,0.0003101777786467681
1817,0.00031015140874446
838,0.0003101465963473388
2004,0.000310065534546021
2090,0.00031005705953936154
91,0.0003100158178123355
1418,0.000309853813215013
1908,0.00030975153301747145
1695,0.00030965855746800284
202,0.00030957164422828435
468,0.0003094782918125118
499,0.0003094607251760989
1274,0.0003094351519443405
826,0.00030941887717116947
1019,0.0003093393900752293
2049,0.00030924877237676316
1663,0.0003092290247606976
923,0.00030903294391482965
602,0.0003090248207647502
1001,0.0003090088397419401
1850,0.00030849582430968767
2209,0.000308478665189511
1360,0.0003084309615676631
444,0.00030827961631516774
993,0.00030811585660671137
1959,0.0003080083946431549
326,0.00030793293196529754
2232,0.0003078856631708996
294,0.00030772022946546127
1328,0.00030770349107217483
1682,0.00030749884019020367
71,0.0003074540817216908
918,0.00030740498061129583
2229,0.0003071140236407855
1026,0.00030704944996077285
1773,0.0003069822226742087
767,0.00030658103724034313
1281,0.0003064970240825176
303,0.00030635029571226207
1991,0.00030614707190135027
1601,0.0003060597745454004
337,0.0003060438422457113
1876,0.0003059990182257172
1083,0.0003058332934359242
844,0.00030575148317831815
2066,0.0003055950067660658
1674,0.0003055665282572379
1332,0.00030548087494732825
146,0.00030529034128805934
1816,0.000305106809788067
907,0.0003050250300139482
551,0.00030493043398514716
1182,0.00030477987782119527
191,0.00030471580788582996
2054,0.00030458497668283313
1838,0.0003044255916460807
289,0.00030438608909637554
1411,0.00030437751676692134
2110,0.0003041820688514211
317,0.00030391192193621696
204,0.00030377984195968595
382,0.000303482454377103
580,0.0003034545811364376
1909,0.0003034307901842663
1884,0.0003032977778908644
1676,0.00030325562589032443
142,0.0003030563319268194
1878,0.00030292067403932076
1971,0.0003028733480481633
161,0.0003026357598425164
470,0.00030254281915865014
424,0.0003024505573614689
1855,0.0003024044283855467
655,0.0003023030505771444
1681,0.00030224028073404995
1447,0.00030223975376587913
1658,0.0003019532567816933
2021,0.00030194974220397605
640,0.0003019224656788308
929,0.0003018969444644182
2250,0.0003018194462273977
1536,0.0003017929136803331
1246,0.0003017692651638083
1751,0.0003016314440278331
2186,0.00030155675210628987
2168,0.0003014937232761522
1250,0.0003013809134061639
2199,0.0003009803960318384
1204,0.00030080906176767726
978,0.00030079031680934633
2134,0.00030077682106213234
566,0.0003007109758138686
1249,0.0003006457980772207
833,0.0003006373569555777
760,0.00030027316070013125
1962,0.0003002598342511396
911,0.0003002531566336742
1980,0.0003002495639048087
2335,0.00030014100740854976
1950,0.0003000480338412197
482,0.0002997423054734741
2222,0.00029969122195317767
813,0.0002996690887877293
541,0.00029964438625966553
437,0.00029957042666434
1834,0.0002995272330227792
1679,0.0002993652036368675
2150,0.0002991776738944021
759,0.00029912097335892926
2190,0.0002990464133774092
1756,0.0002990129964960002
501,0.000298990833896227
2041,0.00029893139988514366
677,0.0002988922041231969
1904,0.00029877036875696096
737,0.00029864410681220945
2216,0.0002986047328141897
1897,0.0002984609411413711
938,0.0002984083537463794
846,0.0002983861482175993
1343,0.000298312730882243
473,0.00029820181452836517
232,0.000298193143703113
762,0.0002979631838900697
28,0.00029792871761601895
110,0.0002979111083204588
1510,0.0002978817895377966
217,0.00029785552888850767
1344,0.0002977049035539444
680,0.00029769118264326764
1934,0.00029763325654223304
1946,0.0002975874193594513
1675,0.00029738743024810936
1774,0.000297345068779788
2029,0.00029729731021606044
564,0.00029727691915535303
2214,0.00029723601753312896
674,0.00029723060443694207
1893,0.0002972099695303545
2183,0.0002969548276986308
16,0.0002968907817359602
1664,0.0002966522414174386
1085,0.00029658742634636133
2024,0.0002963538036955971
1626,0.00029623552088328675
209,0.00029623420685036034
1518,0.00029618195686404624
364,0.00029618102188333094
527,0.0002959718565372369
2098,0.0002959077077024532
357,0.00029558497793703473
1530,0.00029555626358268025
843,0.00029553036305231874
493,0.00029552265816706197
1704,0.00029538569517024326
1648,0.00029530233592254575
1430,0.0002950987916351787
454,0.0002949610857541551
1356,0.0002947225484296556
163,0.00029470109099139137
18,0.00029458893824231314
764,0.0002944337395108097
751,0.0002944198446152744
1181,0.00029426613309679477
1907,0.000294240569290709
65,0.0002942230437242172
518,0.00029420650003922523
1699,0.0002941284492594955
155,0.0002940620807670442
2251,0.0002940317777806759
74,0.00029392450822034606
2191,0.00029392304417035875
484,0.00029392091278600084
1029,0.00029389072596266774
416,0.00029378198835297955
540,0.0002937577841073396
1668,0.0002937489554751579
1669,0.0002937486750541856
2326,0.0002936424447678542
385,0.00029362163824198074
2206,0.0002935306718447485
831,0.0002932564887060579
25,0.0002932041502150616
1429,0.0002931782201911261
453,0.0002930127371599454
2046,0.00029298422579880406
196,0.00029291854028969507
2159,0.00029281887040145043
439,0.00029274013494202483
761,0.0002926211564810923
1778,0.00029256852537638557
378,0.00029256755680516467
508,0.000292495228167597
1830,0.00029240368176550603
1864,0.0002921756270139757
1262,0.00029210593501590847
1260,0.00029195540849341644
1752,0.0002918952834269851
2287,0.00029185121384777107
520,0.0002916606763555127
1958,0.0002916157833241048
688,0.0002914088201008779
1439,0.0002913911401039117
855,0.00029138848719605055
1374,0.00029134656339159206
1200,0.00029120357051017314
604,0.00029119177651725723
307,0.0002911512256760481
860,0.000291070443329868
64,0.00029052411226109036
2017,0.0002904857474372218
2075,0.00029040570421940006
1851,0.00029021530596229426
1421,0.0002901446196310621
1738,0.000289880625817621
361,0.00028985309188331044
304,0.0002897187263134953
1703,0.0002895520964985581
533,0.0002895511627434598
178,0.0002895474434101644
1527,0.000288976247049001
937,0.00028877602163333106
2076,0.00028843482265127735
451,0.00028827191298808064
1105,0.00028805741740572184
698,0.00028789922460893994
683,0.0002876252605457399
818,0.0002875993036098276
1524,0.0002875763392904886
205,0.0002875411379378069
1419,0.0002874949535226377
503,0.0002874824589701047
1154,0.00028744108977647633
1753,0.0002872723513949704
2139,0.0002872472284585329
596,0.0002871555631110154
740,0.00028697350705412757
741,0.0002868749024057748
1512,0.0002867861336815896
383,0.0002867637258815849
908,0.00028668561154011446
686,0.00028666677660977864
176,0.00028652976367018974
1608,0.00028651846507061845
251,0.00028648832753476987
668,0.00028647744621395764
1983,0.0002863982074543909
379,0.0002863784216151749
1624,0.000286295740215426
2011,0.00028629412240079646
1683,0.00028575998192651613
2092,0.00028573720030766124
1720,0.0002857132165601865
1365,0.0002856942106139384
1491,0.00028561519077841707
1903,0.0002850484581364591
1361,0.0002850006941870232
2176,0.00028489504315843545
1349,0.0002848824137329317
68,0.00028483747449058465
1745,0.0002845962700146309
2064,0.00028453589434931426
370,0.0002845224180542235
1939,0.0002843902078263764
140,0.00028429492386043237
338,0.0002840663519387881
575,0.0002838775711222074
227,0.0002836807845390306
1534,0.00028331874366498307
386,0.00028330651671860816
2278,0.00028322610528395584
2210,0.0002832143109730333
1404,0.0002831829858396441
2002,0.000283182888212907
757,0.0002830851946441513
1832,0.0002827880413927728
128,0.0002827141467012866
2318,0.0002826954228002426
2154,0.0002826381636665186
1427,0.0002825691122316724
594,0.00028250960118227975
2319,0.00028242610371289755
2215,0.00028222319885693966
1863,0.0002822056195697926
684,0.00028220204728949936
2329,0.000282145251305149
505,0.0002820117396027935
113,0.00028155082992701756
1826,0.00028147477368867273
1253,0.00028129751709374934
1952,0.00028098251768662565
514,0.00028090753707379993
661,0.0002809022743829142
1748,0.00028086641929175296
1887,0.0002808226685759957
667,0.0002807976862175154
1265,0.00028069338720962205
1455,0.0002805779828165654
1485,0.0002805357987328879
1514,0.00028047940472536085
1938,0.0002803346299846219
848,0.00028033408723777693
2141,0.0002803224858943329
1340,0.0002802043201101101
428,0.0002801835394310315
2174,0.00028016981565965265
1719,0.000279944943918284
119,0.0002798665989331693
273,0.000279381013171233
368,0.00027935019128192486
1862,0.0002790442366606873
367,0.0002789138953925265
49,0.00027882486575847115
1785,0.00027882009829120123
352,0.0002787805636867474
347,0.0002787102433688645
412,0.00027870095519226025
1353,0.0002786373395762698
1161,0.0002786068132124186
1245,0.00027832601164407716
1347,0.0002781054273992694
1702,0.00027808450333368376
1755,0.00027808170429180436
291,0.00027803152572104453
1975,0.00027798351685905256
14,0.00027797436074228295
584,0.00027775129290621455
1880,0.0002776554564177521
1407,0.0002774631806521892
316,0.00027722816865022423
1194,0.00027694639271355154
1542,0.0002768662448513236
1892,0.0002767460903028174
2307,0.0002767313781680872
595,0.00027670898114361673
1446,0.0002761113104151105
1358,0.00027594994773156255
469,0.0002756490127795728
851,0.00027564240154367715
913,0.00027544756819692637
519,0.00027517355372828846
180,0.0002750873178248396
1104,0.000274958818566813
305,0.00027490445946318535
230,0.0002748783043348377
1846,0.00027479300734584465
1566,0.0002744366255433271
2048,0.00027429362639395493
828,0.00027422736861035154
47,0.00027401699763278246
2014,0.00027394740432420706
1990,0.00027388935366647857
272,0.0002738616042636715
1251,0.0002737469679577605
471,0.00027352966574583807
1776,0.0002732906356171226
1102,0.00027328432119874235
152,0.0002732126947343762
1899,0.0002730861314207932
552,0.0002726166170878649
276,0.000272424656788531
1677,0.00027241487170604796
1872,0.00027240421568404513
31,0.000272290643820751
2099,0.00027225653102270635
1247,0.00027220473817214907
1240,0.0002720245557790433
497,0.00027199929347858414
1323,0.00027157383130818185
40,0.00027137010807234567
1156,0.0002711984481502596
1090,0.0002706747425456034
1190,0.0002705969256323253
1348,0.00027022504548881364
500,0.000270181242506607
1978,0.000269926735694623
1843,0.00026990850260606985
362,0.00026982434676325244
1006,0.0002697714194053968
1587,0.0002693150907133162
1857,0.00026929301597665754
2133,0.00026921797063177584
290,0.0002691909551439917
1256,0.00026902758198883085
1821,0.0002687921893121034
1570,0.0002686199372528842
1761,0.0002686000891018378
1078,0.00026843240606816974
1820,0.00026801093335337636
1844,0.00026797775022642615
1435,0.0002677155979241543
912,0.0002677003145650222
1180,0.00026760560128709897
1432,0.00026749683164766744
452,0.0002673729975156108
1499,0.00026692657193959146
2009,0.00026681122967231214
37,0.0002665155129091897
449,0.00026645206684617674
1577,0.0002664258512000987
1982,0.000266096571608384
2027,0.0002659648566291737
1611,0.00026576953603806025
1806,0.0002657193875779382
1438,0.00026539888949765925
506,0.0002652744512805998
1442,0.0002647510286978283
662,0.0002645372032251765
1021,0.00026438833387025404
1769,0.00026436648397881827
260,0.00026413437204293933
1902,0.00026406618467412455
463,0.00026406557396336096
639,0.0002639015613281192
245,0.000263840594104996
2115,0.0002638386034782562
369,0.0002637315353699087
1881,0.0002637080722551368
1853,0.0002636433766473316
693,0.0002635453452353986
2083,0.0002634179403495321
1746,0.00026318804665881253
1919,0.0002627899306215415
1087,0.00026273597434578184
446,0.00026241033386900116
599,0.00026233092576371186
2248,0.0002621373605483331
2239,0.00026206525804877746
2142,0.00026158233134112744
1582,0.00026156457858021644
310,0.00026154623569898673
2165,0.00026152973790680677
1916,0.000261388793117936
1243,0.00026118349938065245
2249,0.00026068204106576205
679,0.000260666938978274
1784,0.0002606086150541414
2078,0.00026034794704123365
1528,0.0002603015892269924
692,0.0002601271953388365
1928,0.0002599478266827898
1964,0.00025974035795570805
1688,0.0002596420971412424
738,0.0002592182443513791
1172,0.0002590569184670607
401,0.00025901091400050224
1833,0.00025899324544173937
479,0.00025785087202622066
1517,0.0002578270363943613
1010,0.00025769018198291163
339,0.0002576167176303837
936,0.00025735661355622935
1607,0.0002571073527270514
2173,0.00025693032740084444
1883,0.0002566639782608781
1513,0.00025656585962407325
1000,0.0002564363403024222
2084,0.00025643614198659514
771,0.00025626110082351976
2240,0.00025612303496280275
523,0.0002558832926330533
932,0.00025571428334093143
685,0.0002555251167226065
2136,0.00025550764980301216
1839,0.0002553833590561978
1417,0.00025528430140607977
2037,0.0002552199287537365
2058,0.00025517077733326865
671,0.0002551496210071658
665,0.00025514717701442417
1777,0.0002550113059751222
1086,0.0002549419712729765
1689,0.00025473792046405214
2043,0.00025472523164304955
73,0.0002546024356581859
670,0.0002544962404226888
394,0.00025436178421253534
1609,0.0002543058692798521
577,0.00025426529149007724
576,0.00025407614773127713
2290,0.0002536381918118617
346,0.0002533958047097487
1742,0.00025335866456574626
1009,0.00025302042935490283
1187,0.000253019501313364
998,0.00025298442672865967
587,0.00025283946983503203
658,0.0002524292276831302
2148,0.000252062715696857
1416,0.00025148456623519475
460,0.00025128396121922367
1927,0.00025095576650910697
1451,0.0002503868919449412
1337,0.0002502267363788614
374,0.0002500502466840846
530,0.0002499368018632639
1166,0.00024978566617907104
1768,0.00024937173922072036
2276,0.0002493698183877878
1995,0.0002488154347158403
1955,0.00024823455219464603
1941,0.0002479081443332015
1918,0.00024771750118245356
1935,0.0002477066349853966
1024,0.00024737833021376673
314,0.0002472540198047263
1157,0.0002469254825887656
1109,0.0002469023400786198
1910,0.00024664257343095863
742,0.0002461334270211888
143,0.000246132298425126
2126,0.00024586172921670324
1610,0.00024582442602408234
773,0.0002452831969551521
2151,0.0002451844753468911
1895,0.00024510016908951344
1931,0.00024478870820219113
2106,0.0002446156973236095
2068,0.0002445787780559352
1592,0.0002442803775410866
572,0.0002441371923253697
395,0.00024397167299271462
319,0.0002431241371669571
1829,0.00024284380265956774
1696,0.00024282437099483535
1787,0.00024136841104304568
52,0.00024120428968701804
766,0.00024096869478991583
926,0.00024060476353732834
431,0.00024045173904103167
2138,0.00023919186238646143
1082,0.00023893510505029866
1759,0.00023857949551734926
329,0.00023844201833574493
98,0.00023844151821600672
233,0.0002383016394862314
341,0.00023785018610199453
2261,0.00023745490693275799
1255,0.0002373700814404304
1084,0.00023683964806376048
1590,0.00023677948055669508
145,0.0002365806271028677
363,0.00023573895779759377
445,0.00023513557370229054
1979,0.00023478170217477727
1108,0.00023447083312641342
2112,0.00023419462775931167
2257,0.00023401108873805787
436,0.00023394296761995343
1690,0.00023372536100258547
2067,0.00023191548555452168
1661,0.0002310171710773087
1898,0.00023073477965374775
521,0.00022959434701798475
172,0.0002295106376555356
301,0.0002293585460615997
1835,0.0002293055468059794
1936,0.00022892487434577076
1831,0.00022887214394387407
1350,0.0002279285418952087
1854,0.00022780923211306706
747,0.0002275757867392748
1794,0.00022733401324345894
776,0.00022617340988241125
1762,0.00022615931642175937
997,0.00022610604085264926
1012,0.0002259358198198555
2070,0.00022559410854359436
1673,0.0002255803037639976
917,0.0002255416494153364
732,0.00022507370193137745
491,0.00022474418237304042
327,0.000223272759323325
1346,0.0002221959121477598
2208,0.0002221805515254625
2316,0.00022094619386956411
1943,0.0002207819842789323
2295,0.00021964458596282157
485,0.0002188332541667929
1269,0.00021834708163723324
2223,0.0002177157138588517
1912,0.0002173414116772919
567,0.00021672740194172234
2123,0.00021621576826052547
1770,0.00021621123671903753
2170,0.000215953979232465
2144,0.0002158478466739171
1869,0.00021540072039692514
940,0.0002145835186569594
1970,0.0002143756638209686
1968,0.000213699959383963
1583,0.00021318751772530923
2327,0.00021299505152535248
410,0.00021242373385493978
94,0.000210957056968996
1766,0.00021049248859486322
44,0.0002104006644955974
991,0.0002101735221262426
478,0.000209805057901221
606,0.00020963594564831484
513,0.00020845716818842792
350,0.00020826784792036976
133,0.00020811887467475637
657,0.00020807130502386632
2063,0.00020800781224014416
407,0.00020696426871778822
653,0.00020663271841830176
1788,0.00020575113769788963
1501,0.00020487845577222443
573,0.00020487496413599634
1081,0.00020437120878406402
659,0.00020400682470415443
185,0.00020362371313589807
1267,0.00020277212225253022
570,0.00020238649797945922
853,0.00020138466248846503
816,0.0002011386823899734
2079,0.00020020083172574
830,0.0001983502796438599
1672,0.00019626936305613214
2122,0.00019621781414142203
1603,0.00019270197565396315
1495,0.00019220423419018286
2153,0.00019174813462628415
494,0.00019102952751037387
2279,0.00019026624918601885
2055,0.00018658279448305248
377,0.0001856457934432963
2060,0.00018420974642419373
1413,0.00018405679149506902
1999,0.0001840278299084459
134,0.00018197418779442094
1589,0.00018100043590317487
1783,0.00017984503303193305
1616,0.0001781431811128075
2286,0.00017809881238640344
1947,0.00017740345310074933
2087,0.00017693258703640184
754,0.00017474915497945823
2145,0.00017472628205102153
1014,0.00017229989105408162
1436,0.0001713251393834781
1505,0.00016819785472616463
1879,0.00016367991069455155
673,0.00016270863680282332
2130,0.00015935466759693493
1678,0.00015706399281857785
404,0.00015625060905150652
590,0.00015621607882507603
266,0.00015507610980852764
1254,0.00014953660595528795
